{
  "gbt_ms": 0.3058797250268981,
  "refit_ms": 22.040218090575337,
  "knn_ms": 3.5165203515856747,
  "fit_1000_ms": 5384.581649967004
}