{
  "gbt_ms": 0.24628980001434683,
  "refit_ms": 19.324277575842736,
  "knn_ms": 4.6431909091864725,
  "fit_500_ms": 2508.75512000639,
  "r2_friedman": 0.9405764176828465
}