{
  "gbt_ms": 0.3163121750112623,
  "refit_ms": 26.783444723594073,
  "knn_ms": 7.438524623270423,
  "fit_1000_ms": 7158.46700000111
}